{
  "prepare_queue": {
    "installed": [],
    "uninstalled": []
  },
  "config_munge": {
    "files": {}
  },
  "installed_plugins": {
    "cordova-plugin-whitelist": {
      "PACKAGE_NAME": "com.agridoctor.app"
    },
    "cordova-plugin-dialogs": {
      "PACKAGE_NAME": "com.agridoctor.app"
    },
    "cordova-plugin-inappbrowser": {
      "PACKAGE_NAME": "com.agridoctor.app"
    },
    "cordova-plugin-network-information": {
      "PACKAGE_NAME": "com.agridoctor.app"
    }
  },
  "dependent_plugins": {},
  "modules": [
    {
      "file": "plugins/cordova-plugin-dialogs/www/notification.js",
      "id": "cordova-plugin-dialogs.notification",
      "pluginId": "cordova-plugin-dialogs",
      "merges": [
        "navigator.notification"
      ]
    },
    {
      "file": "plugins/cordova-plugin-dialogs/www/browser/notification.js",
      "id": "cordova-plugin-dialogs.notification_browser",
      "pluginId": "cordova-plugin-dialogs",
      "merges": [
        "navigator.notification"
      ]
    },
    {
      "file": "plugins/cordova-plugin-inappbrowser/www/inappbrowser.js",
      "id": "cordova-plugin-inappbrowser.inappbrowser",
      "pluginId": "cordova-plugin-inappbrowser",
      "clobbers": [
        "cordova.InAppBrowser.open"
      ]
    },
    {
      "file": "plugins/cordova-plugin-inappbrowser/src/browser/InAppBrowserProxy.js",
      "id": "cordova-plugin-inappbrowser.InAppBrowserProxy",
      "pluginId": "cordova-plugin-inappbrowser",
      "runs": true
    },
    {
      "file": "plugins/cordova-plugin-network-information/www/network.js",
      "id": "cordova-plugin-network-information.network",
      "pluginId": "cordova-plugin-network-information",
      "clobbers": [
        "navigator.connection",
        "navigator.network.connection"
      ]
    },
    {
      "file": "plugins/cordova-plugin-network-information/www/Connection.js",
      "id": "cordova-plugin-network-information.Connection",
      "pluginId": "cordova-plugin-network-information",
      "clobbers": [
        "Connection"
      ]
    },
    {
      "file": "plugins/cordova-plugin-network-information/src/browser/network.js",
      "id": "cordova-plugin-network-information.NetworkInfoProxy",
      "pluginId": "cordova-plugin-network-information",
      "runs": true
    }
  ],
  "plugin_metadata": {
    "cordova-plugin-whitelist": "1.3.4",
    "cordova-plugin-dialogs": "2.0.2",
    "cordova-plugin-inappbrowser": "5.0.0",
    "cordova-plugin-network-information": "2.0.2"
  }
}
